Brand,Price,Discount,Availability,Name
Analog,₹187,81% off,Top Discount of the Sale,Analog Watch  - For Boys New Attractive Designer Blue D...
Silicone,₹170,82% off,Top Discount of the Sale,Silicone Strap Boys Analog Watch  - For Men SL-01
Men,₹399,88% off,Top Discount of the Sale,Men's and Women's Watch Box Holder Organizer Case in Bl...
Digital,₹219,78% off,Only few left,Digital Watch - For Boys & Girls digital watch kids sil...
Premium,₹616,87% off,Only few left,"Premium Faux Leather Wrist Organiser Watch Box (Black, ..."
Analog,₹166,83% off,Top Discount of the Sale,Analog Watch  - For Men PZ-2001 Trendy Silicone Strap
Velvet,₹198,80% off,Only few left,Velvet box Watch Box
Vanshika,₹289,63% off,Only few left,Vanshika Enterprises Stainless Steel Metal 22mm Compati...
Analog,₹279,72% off,Only few left,Analog Watch  - For Men DR20 Series
Digital,₹375,87% off,Only few left,Digital Watch  - For Boys & Girls 8517
Analog,₹187,85% off,Top Discount of the Sale,Analog Watch  - For Men New Stylish Combo Of Silver Ave...
PREMBROTHERS,₹240,81% off,Bank Offer,PREMBROTHERS Heavy Metal Chain with Secure Lock Technol...
Men,₹404,82% off,Top Discount of the Sale,Men's and Women's Watch Box Holder Organizer Case in Bl...
Travel,₹466,48% off,Only 1 left,Travel Watch Case Organizer Watch Box With Zipper Heavy...
Bharasoft,₹265,73% off,Top Discount of the Sale,Bharasoft HUB LOCK 1-piece Watch Repair Kit
Silver,₹349,73% off,Top Discount of the Sale,Silver Dial Analog Watch  - For Women TWTL10104
EVERETT,"₹7,439",40% off,Bank Offer,EVERETT Analog Watch  - For Men 2011310
Elegant,₹263,86% off,Top Discount of the Sale,Elegant Series Square Quartz For /Boys Wrist Analog Wat...
Travel,₹405,54% off,Only few left,Travel Watch Case Organizer Watch Box With Zipper Heavy...
Round,₹579,61% off,Top Discount of the Sale,Round 33mm Silver Dial Analog Watch  - For Men TW0TG730...
Day,₹260,86% off,Top Discount of the Sale,Day & Date Analog Watch  - For Boys Antique 2.0 Day & D...
Minimalist,₹237,88% off,Top Discount of the Sale,Minimalist Slim Series | Smart Strap | Smart Clip | Sof...
Pink,₹579,55% off,Bank Offer,Pink Dial Analog Watch  - For Women TWTL10103
Silicone,₹174,82% off,Top Discount of the Sale,Silicone Strap Boys Analog Watch  - For Men SL-01
Analog,₹781,76% off,Only few left,Analog Watch  - For Women 14835061
Crysendo,₹599,64% off,Only 3 left,Crysendo Nylon Strap Compatible with AppleWatch Series ...
Trending,₹263,73% off,Bank Offer,Trending Edition Premium Ladies Metal Strap Wrist Watch...
Analog,₹166,83% off,Top Discount of the Sale,Analog Watch  - For Men PZ - Roman Figure Dial Silicone...
SP,₹179,82% off,Bank Offer,SP-DZN001 Analog Watch  - For Boys stylish arrow crono
Jouet,₹260,62% off,Only few left,Jouet Game of Throne Direwolf Pocket Watch GMTRNWRDRKYC...
Digital,₹192,61% off,Top Discount of the Sale,Digital Watch  - For Boys G80 Day & Date Display
EVR,₹231,84% off,Bank Offer,EVR-001 Analog Watch  - For Women drw-1
Rose,₹261,85% off,Bank Offer,Rose Gold Mesh Magnet Chain Analog Watch  - For Women J...
Faux,₹639,46% off,Bank Offer,Faux Leather Watch Organisers Box | Golden & Green Watc...
Professional,₹279,85% off,Only few left,Professional Edge Analog Watch  - For Men DRM PE Series
Car,₹345,88% off,Only few left,Car wheel | Spinning | Roatating | Gyro | Red Digital W...
Avatar,₹267,86% off,Top Discount of the Sale,Avatar Day and Date Functioning Quartz Analog Watch  - ...
Analog,"₹10,559",20% off,Bank Offer,Analog Watch  - For Men 2011246
Hot,₹548,8% off,Only few left,Hot Sale Business Men Quart Watches Luxury Waterproof S...
T,₹406,59% off,Only few left,T800 ULTRA Smart Watch No sim card Opetion Smartwatch (...
Analog,₹187,81% off,Top Discount of the Sale,Analog Watch  - For Boys New Attractive Designer Blue D...
Analog,₹192,85% off,Top Discount of the Sale,Analog Watch  - For Men PZ626
Analog,"₹1,439",52% off,Bank Offer,Analog Watch  - For Women VH000008C
Arabic,₹548,8% off,Only few left,Arabic Sunshine Dial Casual Ultra Thin Fashion Stainles...
The,"₹2,639",83% off,Bank Offer,The Mystic Curve Analog Watch  - For Women FCN0110NRTM
Men,"₹2,689",61% off,Bank Offer,Men's Analog Silver Watch | Dated Blue Sunray Round Dia...
Analog,₹166,83% off,Top Discount of the Sale,Analog Watch  - For Men PZ-2001 Trendy Silicone Strap
Analog,₹187,85% off,Top Discount of the Sale,Analog Watch  - For Men New Stylish Combo Of Silver Ave...
Analog,"₹1,289",55% off,Bank Offer,Analog Watch  - For Men AS000010E
Hot,₹548,8% off,Only few left,Hot Sale Business Men Quart Watches Luxury Waterproof S...
Branded,₹322,89% off,Top Discount of the Sale,Branded Bracelet | Gold Plated | Studded | 3D Cut Glass...
Analog,"₹2,019",81% off,Bank Offer,Analog Watch  - For Men DK11125-5
REESE,"₹1,539",67% off,Bank Offer,REESE Analog Watch  - For Women VH000026E_
Analog,₹649,61% off,Bank Offer,Analog Watch  - For Men PE000016B
Analog,₹759,80% off,Bank Offer,Analog Watch  - For Women AMWW431
ANALOG,₹548,8% off,Only few left,ANALOG WATCHES Analog Watch  - For Men & Women CLASSIC ...
VINTAGE,"₹3,145",10% off,Bank Offer,VINTAGE Analog-Digital Watch  - For Men & Women AD279 (...
Day,₹264,86% off,Top Discount of the Sale,Day And Date Functioning High Quality Combo Of King Pri...
Aura,₹255,74% off,Top Discount of the Sale,Aura black Analog Watch  - For Men Arabic Aura
Sabar,₹255,78% off,Only few left,Sabar Analog Watch  - For Men & Women Sabar watch for m...
Analog,₹166,83% off,Top Discount of the Sale,Analog Watch  - For Men PZ - Roman Figure Dial Silicone...
Minimalist,₹237,88% off,Top Discount of the Sale,Minimalist Slim Series | Smart Strap | Smart Clip | Sof...
Analog,"₹1,169",54% off,Bank Offer,Analog Watch  - For Men PE000017D
STYLISH,₹315,89% off,Only few left,STYLISH ARABIC WATCH Analog Watch  - For Men & Women AU...
Analog,"₹8,899",63% off,Top Discount of the Sale,Analog Watch  - For Men R8853100017
Marlin,"₹14,495",61% off,Only few left,Marlin Round 42mm Silver Dial Analog Watch  - For Men T...
Digital,₹192,84% off,Top Discount of the Sale,Digital Watch  - For Boys G80 Day & Date Display
EVR,₹231,87% off,Bank Offer,EVR-001 Analog Watch  - For Women drw-1
Analog,₹269,8% off,Top Discount of the Sale,Analog Watch  - For Men ANLG-493-BLACK-DD-SC
Hot,₹548,77% off,Only few left,Hot Sale Business Men Quart Watches Luxury Waterproof S...
Apex,₹448,73% off,Bank Offer,Apex Sillicone Series Analog Watch  - For Men FT-0031 S...
Gold,"₹2,279",89% off,Bank Offer,Gold Analog Watch  - For Women DK11467-3
Man,₹250,76% off,Top Discount of the Sale,Man's Black watch Analog Watch  - For Men GFW-ARB -140 ...
Analog,"₹1,129",57% off,Only 2 left,Analog Watch  - For Women VH000042D
Silver,₹639,8% off,Top Discount of the Sale,Silver Dial Stainless Steel Analog Watch  - For Men TW0...
Hot,₹548,88% off,Only few left,Hot Sale Business Men Quart Watches Luxury Waterproof S...
Original,₹299,84% off,Bank Offer,Original Sliver Plated Day and Date Funtioning Analog W...
NEW,₹255,40% off,Bank Offer,NEW DESIGNER SQUARE DIAL QUARTZ Analog Watch  - For Men...
Fastrack,"₹1,535",61% off,Top Discount of the Sale,Fastrack Vyb Iconique Quartz Light peach Dial Rose Gold...
Analog,"₹6,749",74% off,Bank Offer,Analog Watch  - For Men GW0334G2
Analog,₹187,81% off,Top Discount of the Sale,Analog Watch  - For Boys New Attractive Designer Blue D...
Analog,₹166,83% off,Top Discount of the Sale,Analog Watch  - For Men PZ-2001 Trendy Silicone Strap
Analog,₹989,59% off,Bank Offer,Analog Watch  - For Men PE000028A
Premium,₹460,84% off,Only few left,Premium Analog Series Black Polycarbonate Plastic Strap...
Minimalist,₹382,83% off,Only few left,Minimalist Rose Gold Dial with Glossy Strap Analog Watc...
Pattern,"₹1,229",63% off,Bank Offer,Pattern Analog Watch  - For Women VH000028C
Analog,₹187,85% off,Top Discount of the Sale,Analog Watch  - For Men New Stylish Combo Of Silver Ave...
PREMBROTHERS,₹240,81% off,Bank Offer,PREMBROTHERS Heavy Metal Chain with Secure Lock Technol...
Date,₹255,74% off,Bank Offer,Date Functioning Genuine Quality Softest Silicon Strap ...
Vintage,"₹1,994",89% off,Only few left,Vintage Black Dial Silver Stainless Steel Band Digital ...
T,₹393,87% off,Top Discount of the Sale,T10 Ultra2 smartwatch with calling Hybrid Smartwatch Wa...
Minimalist,₹269,40% off,Top Discount of the Sale,Minimalist Series | Smart Watch Strap | Smart Clip | So...
Fastrack,"₹1,280",60% off,Top Discount of the Sale,Fastrack Vyb Celeste Quartz Coffee Dial Coffee Brown SS...
Black,₹609,83% off,Top Discount of the Sale,Black Dial Analog Watch  - For Men TW0TG7802
TRENDINGVIEW,₹164,57% off,Only few left,TRENDINGVIEW Genuine Watch Strap Band for Apple Watch S...
Analog,₹859,89% off,Bank Offer,Analog Watch  - For Men PE000008F
Man,₹228,48% off,Top Discount of the Sale,Man Analog Watch  - For Men LD-BK0054-OCEAN Silicone St...
Multifunction,"₹2,399",38% off,Top Discount of the Sale,Multifunction Black Dial Analog Watch  - For Men TW000T...
Titan,"₹5,479",39% off,Bank Offer,Titan Octane Multifunction Blue Dial Silver Stainless S...
Trendies,"₹1,019",86% off,Only few left,Trendies Analog Watch  - For Women 68007PP01
Elegant,₹263,86% off,Top Discount of the Sale,Elegant Series Square Quartz For /Boys Wrist Analog Wat...
Day,₹260,80% off,Top Discount of the Sale,Day & Date Analog Watch  - For Boys Antique 2.0 Day & D...
Men,₹171,45% off,Only few left,Men's and Women's Watch Box Holder Organizer Case with ...
Analog,"₹1,409",4% off,Bank Offer,Analog Watch  - For Women VH000001A
Sonata,₹744,81% off,Only 3 left,Sonata Volt Quartz Black Dial Black Plastic Strap Analo...
TRENDINGVIEW,₹182,71% off,Only few left,TRENDINGVIEW Magnetic Watch Band with Folding Buckle an...
Neupac,₹113,83% off,Bank Offer,Neupac Watch Strap Black Pack of 1 44 mm Silicone Watch...
Analog,₹166,70% off,Top Discount of the Sale,Analog Watch  - For Men PZ - Roman Figure Dial Silicone...
Analog,"₹1,269",15% off,Only 1 left,Analog Watch  - For Men AS000026A
Titan,"₹1,695",88% off,Top Discount of the Sale,Titan Workwear Black Dial Silver StainleStainless Steel...
Minimalist,₹237,61% off,Top Discount of the Sale,Minimalist Slim Series | Smart Strap | Smart Clip | Sof...
Digital,₹192,55% off,Top Discount of the Sale,Digital Watch  - For Boys G80 Day & Date Display
White,₹659,10% off,Top Discount of the Sale,White Dial Analog Watch  - For Men TW00ZR224
Fastrack,"₹7,465",40% off,Only few left,Fastrack Cerame Multifunction Black Dial TwoToned Ceram...
Fastrack,"₹1,309",74% off,Bank Offer,Fastrack With Date Blue Dial Silver Stainless Steel Str...
TRENDINGVIEW,₹251,73% off,Only few left,TRENDINGVIEW Soft Silicone 20mm Belt Strap for Smartwat...
Gold,"₹2,279",77% off,Bank Offer,Gold Analog Watch  - For Women DK11467-3
Apex,₹448,89% off,Bank Offer,Apex Sillicone Series Analog Watch  - For Men FT-0031 S...
T,₹413,74% off,Only few left,T900 Digital Watch  - For Boys & Girls 1221
TooHype,₹179,59% off,Only few left,TooHype 22mm Nylon Alpine Trail Velcro (Compatible Watc...
Analog,₹187,81% off,Top Discount of the Sale,Analog Watch  - For Boys New Attractive Designer Blue D...
Analog,₹166,83% off,Top Discount of the Sale,Analog Watch  - For Men PZ-2001 Trendy Silicone Strap
Bharasoft,₹488,75% off,Only few left,Bharasoft [HB] PREMIUM LEATHER STRAP FOR HUBLOT WATCHES...
Digital,₹219,78% off,Only few left,Digital Watch - For Boys & Girls digital watch kids sil...
Premium,₹616,87% off,Only few left,"Premium Faux Leather Wrist Organiser Watch Box (Black, ..."
Velvet,₹198,80% off,Only few left,Velvet box Watch Box
Analog,₹187,85% off,Top Discount of the Sale,Analog Watch  - For Men New Stylish Combo Of Silver Ave...
PREMBROTHERS,₹240,81% off,Bank Offer,PREMBROTHERS Heavy Metal Chain with Secure Lock Technol...
Travel,₹405,54% off,Only few left,Travel Watch Case Organizer Watch Box With Zipper Heavy...
Sonata,₹809,89% off,Only 3 left,Sonata Quartz Black Dial Black Plastic Strap Analog Wat...
T,₹393,89% off,Top Discount of the Sale,T10 Ultra2 smartwatch with calling Hybrid Smartwatch Wa...
Man,₹228,75% off,Top Discount of the Sale,Man Analog Watch  - For Men LD-BK0054-OCEAN Silicone St...
Titan,"₹1,994",64% off,Bank Offer,Titan Karishma Champagne Dial Golden Stainless Steel St...
Analog,₹809,82% off,Bank Offer,Analog Watch  - For Men AS000010G
Crysendo,₹599,87% off,Only 3 left,Crysendo Nylon Strap Compatible with AppleWatch Series ...
SS,₹423,48% off,Only few left,SS-WB1-05-PKMH-3 Watch Box
Minimalist,₹269,84% off,Top Discount of the Sale,Minimalist Series | Smart Watch Strap | Smart Clip | So...
Multifunction,"₹2,399",63% off,Top Discount of the Sale,Multifunction Black Dial Analog Watch  - For Men TW000T...
EVR,₹226,86% off,Top Discount of the Sale,EVR-001 Analog Watch  - For Women drw-1
Vanshika,₹289,86% off,Only few left,Vanshika Enterprises Stainless Steel Metal 22mm Compati...
Elegant,₹263,43% off,Top Discount of the Sale,Elegant Series Square Quartz For /Boys Wrist Analog Wat...
Day,₹260,67% off,Top Discount of the Sale,Day & Date Analog Watch  - For Boys Antique 2.0 Day & D...
Analog,"₹1,539",59% off,Bank Offer,Analog Watch  - For Men PE000017A
Sonata,₹748,83% off,Bank Offer,Sonata White Dial Silver Stainless Steel Strap Analog W...
Analog,"₹1,109",71% off,Top Discount of the Sale,Analog Watch  - For Men PE000017G
T,₹406,55% off,Only few left,T800 ULTRA Smart Watch No sim card Opetion Smartwatch (...
Analog,₹166,84% off,Top Discount of the Sale,Analog Watch  - For Men PZ - Roman Figure Dial Silicone...
Neupac,₹113,88% off,Bank Offer,Neupac Watch Strap Black Pack of 1 44 mm Silicone Watch...
Black,₹579,61% off,Top Discount of the Sale,Black Dial Genuine Leather Strap Analog Watch  - For Wo...
Matrix,₹398,10% off,Only few left,Matrix Date Quartz With Textured Green Dial & Silicone ...
Minimalist,₹237,80% off,Top Discount of the Sale,Minimalist Slim Series | Smart Strap | Smart Clip | Sof...
Digital,₹192,20% off,Top Discount of the Sale,Digital Watch  - For Boys G80 Day & Date Display
Titan,"₹2,803",84% off,Only 1 left,Titan Karishma With Date Beige Dial Rose Gold MetalStra...
Men,₹171,73% off,Only few left,Men's and Women's Watch Box Holder Organizer Case with ...
Titan,"₹16,635",77% off,Bank Offer,Titan Raga Moments of Joy MOP Dial Rose Gold MetalStrap...
Date,₹398,57% off,Only few left,Date Quartz With Textured Black Dial & Silicone Strap A...
Gold,"₹2,279",61% off,Bank Offer,Gold Analog Watch  - For Women DK11467-3
Apex,₹448,75% off,Bank Offer,Apex Sillicone Series Analog Watch  - For Men FT-0031 S...
Analog,₹859,89% off,Bank Offer,Analog Watch  - For Men PE000008F
Rayyn,₹383,84% off,Only few left,Rayyn OLMO UNIVERSAL 22 mm Resin Watch Strap
Analog,₹187,81% off,Top Discount of the Sale,Analog Watch  - For Boys New Attractive Designer Blue D...
Analog,₹166,83% off,Top Discount of the Sale,Analog Watch  - For Men PZ-2001 Trendy Silicone Strap
T,₹413,89% off,Only few left,T900 Digital Watch  - For Boys & Girls 1221
Hot,₹548,8% off,Only few left,Hot Sale Business Men Quart Watches Luxury Waterproof S...
Analog,"₹2,089",63% off,Bank Offer,Analog Watch  - For Couple AS000019B
Sabar,₹255,78% off,Only few left,Sabar Analog Watch  - For Men & Women Sabar watch for m...
Analog,₹187,85% off,Top Discount of the Sale,Analog Watch  - For Men New Stylish Combo Of Silver Ave...
PREMBROTHERS,₹240,81% off,Bank Offer,PREMBROTHERS Heavy Metal Chain with Secure Lock Technol...
Titan,"₹2,667",20% off,Only few left,Titan Workwear Dark Grey & Anthracite Dial Silver Metal...
Arabic,₹548,8% off,Only few left,Arabic Sunshine Dial Casual Ultra Thin Fashion Stainles...
T,₹393,89% off,Top Discount of the Sale,T10 Ultra2 smartwatch with calling Hybrid Smartwatch Wa...
Multifunction,"₹2,399",48% off,Top Discount of the Sale,Multifunction Black Dial Analog Watch  - For Men TW000T...
TRENDINGVIEW,₹164,83% off,Only few left,TRENDINGVIEW Genuine Watch Strap Band for Apple Watch S...
Women,₹466,68% off,Top Discount of the Sale,Women's 6 Slots Watch Box case organizer Leatherette Pi...
Men,₹541,86% off,Top Discount of the Sale,Men's and Women's Watch Box 12 Slots of watches Black &...
ANALOG,₹548,8% off,Only few left,ANALOG WATCHES Analog Watch  - For Men & Women CLASSIC ...
Man,₹228,89% off,Top Discount of the Sale,Man Analog Watch  - For Men LD-BK0054-OCEAN Silicone St...
Minimalist,₹269,87% off,Top Discount of the Sale,Minimalist Series | Smart Watch Strap | Smart Clip | So...
Titan,"₹8,860",25% off,Bank Offer,Titan Grandmaster Anthracite Dial Silver Stainless Stee...
Titan,"₹3,963",25% off,Top Discount of the Sale,Titan Neo Black & Gold Black Dial Black Stainless Steel...
Elegant,₹263,86% off,Top Discount of the Sale,Elegant Series Square Quartz For /Boys Wrist Analog Wat...
Day,₹260,86% off,Top Discount of the Sale,Day & Date Analog Watch  - For Boys Antique 2.0 Day & D...
Multifunction,"₹2,039",48% off,Top Discount of the Sale,Multifunction Blue Dial Analog Watch  - For Men TWEG196...
STYLISH,₹315,89% off,Only few left,STYLISH ARABIC WATCH Analog Watch  - For Men & Women AU...
Analog,₹619,73% off,Only 2 left,Analog Watch  - For Women AS000015F
Special,₹593,82% off,Only few left,Special Men's and Women's Watch Box Transparent Organis...
Minimalist,₹237,88% off,Top Discount of the Sale,Minimalist Slim Series | Smart Strap | Smart Clip | Sof...
Neupac,₹113,71% off,Bank Offer,Neupac Watch Strap Black Pack of 1 44 mm Silicone Watch...
Multifunction,"₹2,289",49% off,Top Discount of the Sale,Multifunction White Dial Analog Watch  - For Men TWEG19...
Hot,₹548,8% off,Only few left,Hot Sale Business Men Quart Watches Luxury Waterproof S...
Analog,₹166,83% off,Top Discount of the Sale,Analog Watch  - For Men PZ - Roman Figure Dial Silicone...
Digital,₹192,61% off,Top Discount of the Sale,Digital Watch  - For Boys G80 Day & Date Display
Titan,"₹2,939",20% off,Only 4 left,Titan Karishma Anthracite Black Dial TwoToned Stainless...
Multi,"₹1,939",66% off,Bank Offer,Multi Function Black Dial Analog Watch  - For Men TWEG1...
Watch,₹676,47% off,Only few left,Watch Box Organizer for Men Watch Box
Hot,₹548,8% off,Only few left,Hot Sale Business Men Quart Watches Luxury Waterproof S...
Gold,"₹2,279",73% off,Bank Offer,Gold Analog Watch  - For Women DK11467-3
Apex,₹448,77% off,Bank Offer,Apex Sillicone Series Analog Watch  - For Men FT-0031 S...
,₹435,68% off,Top Discount of the Sale,4 Slot PU Leather Watch Box Watch Box
Analog,₹919,56% off,Bank Offer,Analog Watch  - For Men AS000010D
Analog,₹187,81% off,Top Discount of the Sale,Analog Watch  - For Boys New Attractive Designer Blue D...
Analog,₹166,83% off,Top Discount of the Sale,Analog Watch  - For Men PZ-2001 Trendy Silicone Strap
Men,₹399,88% off,Top Discount of the Sale,Men's and Women's Watch Box Holder Organizer Case in Bl...
Luxury,"₹1,799",55% off,Only few left,Luxury Serpent-Inspired Coil Watch with Crystal Encrust...
Velvet,₹198,80% off,Only few left,Velvet box Watch Box
PREMBROTHERS,₹240,81% off,Bank Offer,PREMBROTHERS Heavy Metal Chain with Secure Lock Technol...
Crysendo,₹599,64% off,Only 3 left,Crysendo Nylon Strap Compatible with AppleWatch Series ...
Hot,₹548,8% off,Only few left,Hot Sale Business Men Quart Watches Luxury Waterproof S...
Digital,₹375,87% off,Only few left,Digital Watch  - For Boys & Girls 8517
Men,₹404,82% off,Top Discount of the Sale,Men's and Women's Watch Box Holder Organizer Case in Bl...
T,₹393,89% off,Top Discount of the Sale,T10 Ultra2 smartwatch with calling Hybrid Smartwatch Wa...
Man,₹228,89% off,Top Discount of the Sale,Man Analog Watch  - For Men LD-BK0054-OCEAN Silicone St...
Silver,₹349,73% off,Top Discount of the Sale,Silver Dial Analog Watch  - For Women TWTL10104
Hot,₹550,8% off,Only few left,Hot Sale Business Men Quart Watches Luxury Waterproof S...
Round,₹579,61% off,Top Discount of the Sale,Round 33mm Silver Dial Analog Watch  - For Men TW0TG730...
Silicone,₹170,82% off,Top Discount of the Sale,Silicone Strap Boys Analog Watch  - For Men SL-01
Minimalist,₹269,87% off,Top Discount of the Sale,Minimalist Series | Smart Watch Strap | Smart Clip | So...
Elegant,₹263,86% off,Top Discount of the Sale,Elegant Series Square Quartz For /Boys Wrist Analog Wat...
Premium,₹379,76% off,Only few left,Premium Silver-Tone Square Dial Diamond Studded Party W...
Pink,₹579,55% off,Bank Offer,Pink Dial Analog Watch  - For Women TWTL10103
Multifunction,"₹2,399",48% off,Top Discount of the Sale,Multifunction Black Dial Analog Watch  - For Men TW000T...
Day,₹260,86% off,Top Discount of the Sale,Day & Date Analog Watch  - For Boys Antique 2.0 Day & D...
Professional,₹279,85% off,Only few left,Professional Edge Analog Watch  - For Men DRM PE Series
Car,₹345,88% off,Only few left,Car wheel | Spinning | Roatating | Gyro | Red Digital W...
TSHOT,₹344,77% off,Top Discount of the Sale,TSHOT PREMIUM LIMITED Analog Watch  - For Men Stainless...
Hot,₹548,8% off,Only few left,Hot Sale Business Men Quart Watches Luxury Waterproof S...
Minimalist,₹237,88% off,Top Discount of the Sale,Minimalist Slim Series | Smart Strap | Smart Clip | Sof...
Analog,₹166,83% off,Top Discount of the Sale,Analog Watch  - For Men PZ - Roman Figure Dial Silicone...
Youth,"₹3,995",70% off,Only few left,Youth ( AE-1200WHD-1AVDF ) Digital Watch  - For Men D09...
Silver,₹379,71% off,Top Discount of the Sale,Silver Dial Analog Watch  - For Women TWTL10100
Neupac,₹113,61% off,Bank Offer,Neupac Watch Strap Black Pack of 1 44 mm Silicone Watch...
Digital,₹192,64% off,Top Discount of the Sale,Digital Watch  - For Boys G80 Day & Date Display
Black,₹549,85% off,Only 1 left,Black Dial Analog Watch  - For Men TW0TG8203
Analog,₹349,86% off,Only few left,Analog Watch  - For Men WDT--01-BROWN
T,₹400,84% off,Only few left,T900 Digital Watch  - For Boys & Girls 2212
Men,₹374,73% off,Only few left,Men's and Women's Watch Box Holder Organizer Case in Bl...
Gold,"₹2,279",84% off,Bank Offer,Gold Analog Watch  - For Women DK11467-3
Vintage,₹312,80% off,Top Discount of the Sale,Vintage-Law Date Working Square Black Dial Brown Premiu...
Gold,"₹3,889",8% off,Bank Offer,Gold Automatic Watch for Men | White Dial | Classic & P...
Hot,₹550,77% off,Only few left,Hot Sale Business Men Quart Watches Luxury Waterproof S...
Analog,₹187,81% off,Top Discount of the Sale,Analog Watch  - For Boys New Attractive Designer Blue D...
Analog,₹162,83% off,Top Discount of the Sale,Analog Watch  - For Men PZ-2001 Trendy Silicone Strap
TooHype,₹222,72% off,Bank Offer,TooHype 22mm Soft Pack Of 3 (compatible Watch List In P...
Special,₹499,83% off,Bank Offer,Special Summer Collection Water Resistant Upto 5ATM Ana...
Analog,₹225,43% off,Bank Offer,Analog Watch  - For Boys & Girls Man watch urdu pack .1
Analog,₹639,80% off,Top Discount of the Sale,Analog Watch  - For Women AMWW307
T,₹393,89% off,Top Discount of the Sale,T10 Ultra2 smartwatch with calling Hybrid Smartwatch Wa...
Minimalist,₹269,87% off,Top Discount of the Sale,Minimalist Series | Smart Watch Strap | Smart Clip | So...
Round,"₹1,189",48% off,Top Discount of the Sale,Round 26mm Purple Dial Analog Watch  - For Women TWEL11...
Analog,"₹1,994",89% off,Bank Offer,"Analog Watch  - For Men NR1648YM02,NP1648YM02"
Man,₹228,86% off,Top Discount of the Sale,Man Analog Watch  - For Men LD-BK0054-OCEAN Silicone St...
Elegant,₹263,84% off,Top Discount of the Sale,Elegant Series Square Quartz For /Boys Wrist Analog Wat...
Titan,"₹6,394",86% off,Bank Offer,Titan Raga Showstopper RoseGold Dial RoseGold MetalStra...
NEW,₹255,72% off,Bank Offer,NEW DESIGNER SQUARE DIAL QUARTZ Analog Watch  - For Men...
Analog,₹178,48% off,Top Discount of the Sale,Analog Watch  - For Men Square Dial Silicone Strap
Techpugg,₹226,86% off,Bank Offer,Techpugg Waterproof Digital LCD Stopwatch Chronograph T...
Multifunction,"₹2,399",62% off,Top Discount of the Sale,Multifunction Black Dial Analog Watch  - For Men TW000T...
Day,₹260,84% off,Top Discount of the Sale,Day & Date Analog Watch  - For Boys Antique 2.0 Day & D...
Jouet,₹260,88% off,Bank Offer,Jouet Game of Throne Direwolf Pocket Watch GMTRNWRDRKYC...
Royal,₹465,83% off,Bank Offer,"Royal Black Watch Case, Watch Organiser for Men`s and W..."
Minimalist,₹237,89% off,Top Discount of the Sale,Minimalist Slim Series | Smart Strap | Smart Clip | Sof...
Analog,₹166,70% off,Top Discount of the Sale,Analog Watch  - For Men PZ - Roman Figure Dial Silicone...
Analog,₹183,77% off,Top Discount of the Sale,Analog Black Rubbers Strap Wrist Watches For Boy And Me...
Transparent,₹448,79% off,Bank Offer,Transparent Analog Watch  - For Men Silver-Skeleton-01
Wodec,₹297,71% off,Top Discount of the Sale,Wodec HARRY POTTER GOLDEN SNITCH BALL-POCKET WATCH COLL...
TRENDINGVIEW,₹207,61% off,Bank Offer,"TRENDINGVIEW ""20mm Classic Smartwatch Strap with Black ..."
Neupac,₹113,52% off,Bank Offer,Neupac Watch Strap Black Pack of 1 44 mm Silicone Watch...
Digital,₹192,85% off,Top Discount of the Sale,Digital Watch  - For Boys G80 Day & Date Display
Luxuro,₹705,77% off,Bank Offer,Luxuro Glass Fitting Machine With 12 Nylon Dies 12-piec...
Date,₹354,73% off,Top Discount of the Sale,Date Dial with Magnetic Lock Strap Analog Watch  - For ...
Apex,₹448,85% off,Bank Offer,Apex Sillicone Series Analog Watch  - For Men FT-0031 S...
Gold,"₹2,279",67% off,Bank Offer,Gold Analog Watch  - For Women DK11467-3
EVR,₹220,76% off,Top Discount of the Sale,EVR-001 Analog Watch  - For Women drw-1
SWADESI,₹230,71% off,Bank Offer,SWADESI BY MCP XL-5853 Stopwatch Sport Timer Lap Split ...
Analog,₹781,88% off,Bank Offer,Analog Watch  - For Women 14835061
UNISEX,₹285,88% off,Top Discount of the Sale,UNISEX Date Function Working Free Size Adjutable Chain ...
Nautilus,₹289,76% off,Top Discount of the Sale,Nautilus Date Working Square Blue Dial Silver Quartz Me...
Original,₹299,10% off,Bank Offer,Original Sliver Plated Day and Date Funtioning Analog W...
Analog,₹239,88% off,Bank Offer,Analog Watch  - For Men & Women HMT WATCH
Titan,"₹2,848",89% off,Bank Offer,Titan Karishma Silver Dial Brown LeatherStrap Analog Wa...
Analog,₹187,81% off,Top Discount of the Sale,Analog Watch  - For Boys New Attractive Designer Blue D...
Analog,₹162,83% off,Top Discount of the Sale,Analog Watch  - For Men PZ-2001 Trendy Silicone Strap
Titan,"₹6,795",20% off,Bank Offer,Titan Regalia White & Grey Dial Brown LeatherStrap Anal...
Titan,"₹5,320",3% off,Bank Offer,Titan Workwear Multifunction Black Dial Brown LeatherSt...
Titan,"₹6,795",20% off,Bank Offer,Titan Neo Splash Sartorial Multifunction Blue Dial Blue...
Rishox,₹271,81% off,Bank Offer,Rishox Antique Style One Piece Quartz Pocket Watch Key ...
PREMBROTHERS,₹240,81% off,Bank Offer,PREMBROTHERS Heavy Metal Chain with Secure Lock Technol...
T,₹393,89% off,Top Discount of the Sale,T10 Ultra2 smartwatch with calling Hybrid Smartwatch Wa...
Round,₹222,82% off,Bank Offer,Round Rose Gold Analog Watch  - For Women DB Brown DJ W...
Analog,₹351,82% off,Bank Offer,Analog Watch  - For Men Red flower wheels
Minimalist,₹269,87% off,Top Discount of the Sale,Minimalist Series | Smart Watch Strap | Smart Clip | So...
Man,₹228,89% off,Top Discount of the Sale,Man Analog Watch  - For Men LD-BK0054-OCEAN Silicone St...
TONSY,₹205,79% off,Top Discount of the Sale,"TONSY SR626SW, LR626, 364A, AG4, 377, 377a - 1.5V Alkal..."
,₹451,77% off,Bank Offer,10 compartment Watch Box Holder Organizer Case for Men ...
Titan,"₹4,483",20% off,Bank Offer,Titan On Trend Multifunction Silver Dial Brown LeatherS...
Watch,₹567,85% off,Bank Offer,"Watch Box For Men & Women, Watch Case, Watch Storage Bo..."
Multifunction,"₹2,399",48% off,Top Discount of the Sale,Multifunction Black Dial Analog Watch  - For Men TW000T...
Elegant,₹263,86% off,Top Discount of the Sale,Elegant Series Square Quartz For /Boys Wrist Analog Wat...
Multi,₹173,88% off,Bank Offer,Multi-Function Automatic Waterproof Digital Sports Kids...
Fastrack,"₹1,394",86% off,Bank Offer,Fastrack Stunners Green Dial Brown Leather Strap Analog...
Day,₹260,88% off,Top Discount of the Sale,Day & Date Analog Watch  - For Boys Antique 2.0 Day & D...
Minimalist,₹237,62% off,Top Discount of the Sale,Minimalist Slim Series | Smart Strap | Smart Clip | Sof...
Trending,₹376,75% off,Top Discount of the Sale,Trending men's - boy's collection black date function w...
Big,₹499,80% off,Top Discount of the Sale,Big Dial Analog Watch  - For Women 106408499
Brown,₹259,84% off,Bank Offer,Brown Silicone Band Analog Watch  - For Women JW8576
Elegant,₹270,83% off,Top Discount of the Sale,Elegant Series Square Quartz For /Boys Wrist Analog Wat...
Analog,₹166,71% off,Top Discount of the Sale,Analog Watch  - For Men PZ - Roman Figure Dial Silicone...
Neupac,₹113,84% off,Bank Offer,Neupac Watch Strap Black Pack of 1 44 mm Silicone Watch...
Watch,₹628,46% off,Bank Offer,Watch Box Organizer Case for Unisex with 12 Slots in Bl...
Roycee,₹214,61% off,Top Discount of the Sale,Roycee 9270922 22 mm Synthetic Leather Watch Strap
Digital,₹192,73% off,Top Discount of the Sale,Digital Watch  - For Boys G80 Day & Date Display
Gold,"₹2,279",15% off,Bank Offer,Gold Analog Watch  - For Women DK11467-3
Titan,"₹4,351",87% off,Bank Offer,Titan Raga Viva Grey Dial Rose Gold Metal Strap Analog ...
QUXXA,₹259,89% off,Bank Offer,"QUXXA Alpine Loop Nylon Bands/Straps Men & Women, Premi..."
Priavy,₹157,53% off,Top Discount of the Sale,Priavy Multicolours Smart Watch strap for iWatch Band U...
Party,₹279,77% off,Bank Offer,Party - Wedding and casual watch Analog Watch  - For Gi...
Apex,₹448,88% off,Bank Offer,Apex Sillicone Series Analog Watch  - For Men FT-0031 S...
Nautilus,₹289,75% off,Top Discount of the Sale,Nautilus Date Working Square Blue Dial Silver Quartz Me...
T,₹498,75% off,Bank Offer,T800 Ultra Pro series Digital Watch  - For Men & Women ...
Elegant,₹218,80% off,Top Discount of the Sale,"Elegant Rosegold Belt Watch – Stone Studded, Bracelet L..."
Analog,₹187,81% off,Top Discount of the Sale,Analog Watch  - For Boys New Attractive Designer Blue D...
Analog,₹162,83% off,Top Discount of the Sale,Analog Watch  - For Men PZ-2001 Trendy Silicone Strap
Digital,₹182,81% off,Top Discount of the Sale,Digital Watch  - For Men Roc-144
Titan,"₹5,436",6% off,Bank Offer,Titan Neo Splash Multifunction Black Dial Black Leather...
Titan,"₹9,880",25% off,Bank Offer,Titan On Trend Multifunction White Dial Brown LeatherSt...
Titan,"₹6,115",20% off,Bank Offer,Titan Purple Stackables Pink Dial Rose Gold Stainless S...
PREMBROTHERS,₹240,81% off,Bank Offer,PREMBROTHERS Heavy Metal Chain with Secure Lock Technol...
Branded,₹322,89% off,Top Discount of the Sale,Branded Bracelet | Gold Plated | Studded | 3D Cut Glass...
Analog,₹230,74% off,Bank Offer,Analog Watch  - For Men AVM0029
Raga,"₹5,394",89% off,Bank Offer,Raga Showstopper 3.0 Analog Watch  - For Women 95352WM0...
T,₹393,69% off,Top Discount of the Sale,T10 Ultra2 smartwatch with calling Hybrid Smartwatch Wa...
Watch,₹451,25% off,Bank Offer,Watch Box Organizer 6 Slots Organizer Case for Men and ...
Titan,"₹9,588",20% off,Bank Offer,Titan Raga Love All Brown Dial Brown MetalStrap Analog ...
Titan,"₹2,475",50% off,Bank Offer,Titan Karishma with Day & Date Blue Dial Silver Stainle...
Rayyn,₹297,76% off,Top Discount of the Sale,Rayyn [TORO] Thick Strap Design 22 mm Genuine Leather W...
TooHype,₹186,49% off,Bank Offer,TooHype 22mm Soft Pack Of 3 (compatible Watch List In P...
TRENDINGVIEW,₹250,84% off,Bank Offer,TRENDINGVIEW Premium 20mm Combo Watch Strap with Durabl...
DAY,₹247,81% off,Bank Offer,DAY AND DATE WORKING DISPLAY DIAL Analog Watch  - For M...
Day,₹290,78% off,Top Discount of the Sale,Day and Date Blue color Analog watch for Boys Analog Wa...
Firetook,₹193,87% off,Bank Offer,Firetook 22mm Nylon Alpine Trail Velcro (Compatible Wat...
Minimalist,₹269,89% off,Top Discount of the Sale,Minimalist Series | Smart Watch Strap | Smart Clip | So...
Man,₹228,73% off,Top Discount of the Sale,Man Analog Watch  - For Men LD-BK0054-OCEAN Silicone St...
EDY,₹267,75% off,Top Discount of the Sale,EDY-SlvBlack-1801 Analog Watch  - For Men EDY-Silver-BL...
ACM,₹244,66% off,Bank Offer,ACM Watch Strap Silicone Color Hook for |Fastrack Rider...
Analog,₹338,87% off,Top Discount of the Sale,Analog Watch  - For Women Silver Dial Women Wrist Watch
Analog,₹251,80% off,Bank Offer,Analog Watch  - For Men 2109
Minimalist,₹299,71% off,Bank Offer,Minimalist Gun Metal Series | Smart Watch Strap | Smart...
Neupac,₹113,9% off,Bank Offer,Neupac Watch Strap Black Pack of 1 44 mm Silicone Watch...
Titan,"₹5,054",81% off,Bank Offer,Titan Sparkle Burgundy Dial Rose Gold Stainless Steel S...
UL,₹360,73% off,Bank Offer,UL125008@TRAY Watch Box
Gold,"₹2,279",86% off,Bank Offer,Gold Analog Watch  - For Women DK11467-3
Day,₹260,83% off,Top Discount of the Sale,Day & Date Analog Watch  - For Boys Antique 2.0 Day & D...
Fancy,₹160,80% off,Bank Offer,Fancy Design Stylish ALPHABET S Dial Black Leather Stra...
silver,₹196,77% off,Bank Offer,silver digital watch latest designer for men and women ...
TRENDINGVIEW,₹222,79% off,Bank Offer,"TRENDINGVIEW 20mm Magnet Buckle Strap for Watch 5, Watc..."
ARSH,₹408,77% off,Bank Offer,ARSH Watch Mesh Double Lock Chain Strap Ergonomic & Bre...
Apex,₹448,38% off,Bank Offer,Apex Sillicone Series Analog Watch  - For Men FT-0031 S...
Analog,"₹25,128",75% off,Top Discount of the Sale,Analog Watch  - For Men R8871642003
Rayyn,₹242,47% off,Top Discount of the Sale,Rayyn CASO2 ''CASIO G-SHOCK'' MUD-MASTER GG-1000/GWG-10...
W,₹787,84% off,Bank Offer,"W-10 Luxury Watch Organizer ,10 Watch Slot Watch Box"
Analog,₹187,81% off,Top Discount of the Sale,Analog Watch  - For Boys New Attractive Designer Blue D...
Analog,₹162,83% off,Top Discount of the Sale,Analog Watch  - For Men PZ-2001 Trendy Silicone Strap
Titan,"₹18,746",25% off,Bank Offer,Titan Mechanical Slimline Automatic Green Dial Gold SS ...
Rayyn,₹361,63% off,Bank Offer,Rayyn OLMO UNIVERSAL 20 mm Resin Watch Strap
ClaasyMen,₹401,86% off,Top Discount of the Sale,ClaasyMen Premium Skeleton Series Analog Watch for Men ...
New,₹439,79% off,Bank Offer,New Black and Tan Watchcase Watch Box
Branded,₹322,89% off,Top Discount of the Sale,Branded Bracelet | Gold Plated | Studded | 3D Cut Glass...
Gold,"₹2,279",73% off,Bank Offer,Gold Analog Watch  - For Women DK11467-3
Titan,"₹5,372",15% off,Bank Offer,Titan Workwear Multifunction Black Dial Brown LeatherSt...
Fastrack,"₹1,899",23% off,Bank Offer,Fastrack With Date Black Dial Brown LeatherStrap Analog...
Minimalist,₹269,87% off,Top Discount of the Sale,Minimalist Series | Smart Watch Strap | Smart Clip | So...
Man,₹228,89% off,Top Discount of the Sale,Man Analog Watch  - For Men LD-BK0054-OCEAN Silicone St...
Titan,"₹5,035",20% off,Bank Offer,Titan Slim Multifunction Black Dial Black Stainless Ste...
Titan,"₹3,835",20% off,Bank Offer,Titan Karishma With Day & Date Black Dial Black Stainle...
Titan,"₹2,875",20% off,Bank Offer,Titan Workwear Green Dial Green Leather Strap Analog Wa...
waterproof,₹164,72% off,Bank Offer,waterproof kids watches for boys Digital Watch  - For B...
Day,₹264,86% off,Top Discount of the Sale,Day And Date Functioning High Quality Combo Of King Pri...
Day,₹260,86% off,Top Discount of the Sale,Day & Date Analog Watch  - For Boys Antique 2.0 Day & D...
Watch,₹478,81% off,Bank Offer,Watch Box case Watch Box
Set,₹297,85% off,Bank Offer,Set Of 2 Rose Gold Watch With Heart Bracelet combo watc...
Minimalist,₹237,88% off,Top Discount of the Sale,Minimalist Slim Series | Smart Strap | Smart Clip | Sof...
Analog,₹166,83% off,Top Discount of the Sale,Analog Watch  - For Men PZ - Roman Figure Dial Silicone...
trendy,₹316,68% off,Bank Offer,trendy designer Analog Watch  - For Men premium classic...
SP,₹179,82% off,Bank Offer,SP-DZN001 Analog Watch  - For Boys stylish arrow crono
Titan,"₹1,974",85% off,Bank Offer,Titan Karishma Champagne Dial Golden Stainless Steel St...
Elegant,₹269,61% off,Top Discount of the Sale,Elegant Series Square Quartz For /Boys Wrist Analog Wat...
Digital,₹192,84% off,Top Discount of the Sale,Digital Watch  - For Boys G80 Day & Date Display
DAY,₹250,83% off,Bank Offer,DAY AND DATE WORKING|BLACK DIAL|BLACK CHAIN| FOR BOYS A...
Trendy,₹305,72% off,Bank Offer,"Trendy Chronograph Watch with Stainless Steel Case, Bla..."
Premium,₹332,88% off,Top Discount of the Sale,Premium Color Smooth Finish Combo Pack 2 Analog Watch  ...
Original,₹299,81% off,Bank Offer,Original Sliver Plated Day and Date Funtioning Analog W...
Analog,₹185,63% off,Top Discount of the Sale,Analog Watch  - For Men Ram 5 Dial And New Pvc Black St...
Roycee,₹293,20% off,Top Discount of the Sale,Roycee 49321020 20 mm Genuine Leather Watch Strap
Titan,"₹6,795",87% off,Bank Offer,Titan Neo Splash Multifunction Blue Dial Blue Stainless...
Latest,₹167,59% off,Bank Offer,Latest Fashion Trending Analog Magnetic Strap Watch For...
Rayyn,₹565,59% off,Bank Offer,"Rayyn [BLT] ''COMPATABLE WITH HUBLOT WATCHES"" 25 mm Gen..."
Black,"₹8,489",82% off,Bank Offer,Black Dial Analog Watch  - For Men GW0263G4
Silicone,₹176,80% off,Top Discount of the Sale,Silicone Strap Boys Analog Watch Analog Watch  - For Me...
T,₹403,58% off,Bank Offer,T800 ultra smart with wireless charging Smart (Without ...
Rayyn,₹410,72% off,Top Discount of the Sale,Rayyn BUTTERFLY LOCK SUITABLE FOR LEATHER WATCH STRAP 2...
